"speaker","date","title","url","country","conflict"
"Joe Biden","February 23, 2022","Statement on the Nord Stream 2 Natural Gas Pipeline Between Russia and Germany","https://www.presidency.ucsb.edu/documents/statement-the-nord-stream-2-natural-gas-pipeline-between-russia-and-germany","USA","Ukraine"
"Joe Biden","February 23, 2022","Joint Statement by President Biden and Prime Minister Justin P.J. Trudeau of Canada on the One-Year Anniversary of the Roadmap for a Renewed U.S.-Canada Partnership","https://www.presidency.ucsb.edu/documents/joint-statement-president-biden-and-prime-minister-justin-pj-trudeau-canada-the-one-year","USA","Ukraine"
"Joe Biden","February 23, 2022","Statement on Russia's Attack on Ukraine","https://www.presidency.ucsb.edu/documents/statement-russias-attack-ukraine","USA","Ukraine"
"Joe Biden","February 24, 2022","Statement on the President's Telephone Conversation With President Volodymyr Zelenskiy of Ukraine","https://www.presidency.ucsb.edu/documents/statement-the-presidents-telephone-conversation-with-president-volodymyr-zelenskiy-ukraine","USA","Ukraine"
"Joe Biden","February 25, 2022","Statement on the North Atlantic Treaty Organization Summit and Telephone Conversation With President Volodymyr Zelenskiy of Ukraine","https://www.presidency.ucsb.edu/documents/statement-the-north-atlantic-treaty-organization-summit-and-telephone-conversation-with","USA","Ukraine"
"Joe Biden","February 25, 2022","Joint Statement by the North Atlantic Treaty Organization Heads of State and Government on Russia's Attack on Ukraine","https://www.presidency.ucsb.edu/documents/joint-statement-the-north-atlantic-treaty-organization-heads-state-and-government-russias","USA","Ukraine"
"Joe Biden","February 26, 2022","Joint Statement on Further Restrictive Economic Measures","https://www.presidency.ucsb.edu/documents/joint-statement-further-restrictive-economic-measures","USA","Ukraine"
"Joe Biden","March 02, 2022","Statement on the United Nations General Assembly Vote To Condemn Russia's Aggression Against Ukraine","https://www.presidency.ucsb.edu/documents/statement-the-united-nations-general-assembly-vote-condemn-russias-aggression-against","USA","Ukraine"
"Joe Biden","March 10, 2022","Joint Statement by President Biden and President Iván Duque Márquez of Colombia on the U.S.-Colombia Bicentennial Partnership","https://www.presidency.ucsb.edu/documents/joint-statement-president-biden-and-president-ivan-duque-marquez-colombia-the-us-colombia","USA","Ukraine"
"Joe Biden","March 11, 2022","Joint Statement by Leaders of the Group of Seven (G-7) Nations Announcing Further Economic Costs on Russia","https://www.presidency.ucsb.edu/documents/joint-statement-leaders-the-group-seven-g-7-nations-announcing-further-economic-costs","USA","Ukraine"
"Joe Biden","March 24, 2022","Joint Statement by President Biden and President Ursula von der Leyen of the European Commission","https://www.presidency.ucsb.edu/documents/joint-statement-president-biden-and-president-ursula-von-der-leyen-the-european-0","USA","Ukraine"
"Joe Biden","March 24, 2022","Joint Statement by North Atlantic Treaty Organization Leaders on Russia's Aggression Against Ukraine","https://www.presidency.ucsb.edu/documents/joint-statement-north-atlantic-treaty-organization-leaders-russias-aggression-against","USA","Ukraine"
"Joe Biden","March 24, 2022","Statement on the Extraordinary North Atlantic Treaty Organization Summit","https://www.presidency.ucsb.edu/documents/statement-the-extraordinary-north-atlantic-treaty-organization-summit","USA","Ukraine"
"Joe Biden","March 24, 2022","Joint Statement by Group of Seven (G-7) Nations Leaders on Russia's Aggression Against Ukraine","https://www.presidency.ucsb.edu/documents/joint-statement-group-seven-g-7-nations-leaders-russias-aggression-against-ukraine","USA","Ukraine"
"Joe Biden","March 25, 2022","Joint Statement by the United States and the European Commission on European Energy Security","https://www.presidency.ucsb.edu/documents/joint-statement-the-united-states-and-the-european-commission-european-energy-security","USA","Ukraine"
"Joe Biden","March 28, 2022","Statement on the Fiscal Year 2023 Budget","https://www.presidency.ucsb.edu/documents/statement-the-fiscal-year-2023-budget","USA","Ukraine"
"Joe Biden","March 29, 2022","Joint Statement by President Biden and Prime Minister Lee Hsien Loong of Singapore","https://www.presidency.ucsb.edu/documents/joint-statement-president-biden-and-prime-minister-lee-hsien-loong-singapore","USA","Ukraine"
"Joe Biden","April 05, 2022","Joint Statement by President Biden, Prime Minister Scott Morrison of Australia, and Prime Minister Boris Johnson of the United Kingdom on the Australia-United Kingdom-United States (AUKUS) Partnership on Weapons Development and Defense Cooperation","https://www.presidency.ucsb.edu/documents/joint-statement-president-biden-prime-minister-scott-morrison-australia-and-prime-0","USA","Ukraine"
"Joe Biden","April 07, 2022","Statement on the United Nations Vote Suspending Russia From the Human Rights Council","https://www.presidency.ucsb.edu/documents/statement-the-united-nations-vote-suspending-russia-from-the-human-rights-council","USA","Ukraine"
"Joe Biden","April 08, 2022","Statement on Delivery of Air Defense Systems to Ukraine","https://www.presidency.ucsb.edu/documents/statement-delivery-air-defense-systems-ukraine","USA","Ukraine"
"Joe Biden","April 13, 2022","Statement on the President's Call With President Volodymyr Zelenskyy of Ukraine and Additional Security Assistance to Ukraine","https://www.presidency.ucsb.edu/documents/statement-the-presidents-call-with-president-volodymyr-zelenskyy-ukraine-and-additional","USA","Ukraine"
"Joe Biden","April 15, 2022","Statement on the Observance of Passover","https://www.presidency.ucsb.edu/documents/statement-the-observance-passover-4","USA","Ukraine"
"Joe Biden","April 28, 2022","Statement on the National Economy","https://www.presidency.ucsb.edu/documents/statement-the-national-economy-22","USA","Ukraine"
"Joe Biden","May 03, 2022","Statement on World Press Freedom Day","https://www.presidency.ucsb.edu/documents/statement-world-press-freedom-day-7","USA","Ukraine"
"Joe Biden","May 06, 2022","Statement on Additional United States Security Assistance to Ukraine","https://www.presidency.ucsb.edu/documents/statement-additional-united-states-security-assistance-ukraine","USA","Ukraine"
"Joe Biden","May 06, 2022","Statement on the Bureau of Labor Statistics Report on the Employment Situation in April","https://www.presidency.ucsb.edu/documents/statement-the-bureau-labor-statistics-report-the-employment-situation-april","USA","Ukraine"
"Joe Biden","May 08, 2022","Joint Statement—Group of Seven (G-7) Nations Leaders' Statement","https://www.presidency.ucsb.edu/documents/joint-statement-group-seven-g-7-nations-leaders-statement","USA","Ukraine"
"Joe Biden","May 09, 2022","Statement on Legislation To Fund Ukraine Assistance and COVID-19 Prevention and Treatment Efforts","https://www.presidency.ucsb.edu/documents/statement-legislation-fund-ukraine-assistance-and-covid-19-prevention-and-treatment","USA","Ukraine"
"Joe Biden","May 13, 2022","Joint Statement—Association of Southeast Asian Nations-United States Special Summit 2022, Joint Vision Statement","https://www.presidency.ucsb.edu/documents/joint-statement-association-southeast-asian-nations-united-states-special-summit-2022","USA","Ukraine"
"Joe Biden","May 19, 2022","Statement on Congressional Passage of Supplemental Appropriations Legislation To Provide Additional Security Assistance to Ukraine","https://www.presidency.ucsb.edu/documents/statement-congressional-passage-supplemental-appropriations-legislation-provide-additional","USA","Ukraine"
"Joe Biden","May 21, 2022","Joint Statement by President Biden and President Yoon Suk Yeol of South Korea","https://www.presidency.ucsb.edu/documents/joint-statement-president-biden-and-president-yoon-suk-yeol-south-korea","USA","Ukraine"
"Joe Biden","May 23, 2022","Joint Statement by President Biden and Prime Minister Fumio Kishida of Japan—Strengthening the Free and Open International Order","https://www.presidency.ucsb.edu/documents/joint-statement-president-biden-and-prime-minister-fumio-kishida-japan-strengthening-the","USA","Ukraine"
"Joe Biden","May 23, 2022","Joint Statement by President Biden, Prime Minister Anthony Albanese of Australia, Prime Minister Narendra Modi of India, and Prime Minister Fumio Kishida of Japan on the Quadrilateral Security Dialogue Leader's Summit in Tokyo, Japan","https://www.presidency.ucsb.edu/documents/joint-statement-president-biden-prime-minister-anthony-albanese-australia-prime-minister","USA","Ukraine"
"Joe Biden","May 31, 2022","Joint Statement by President Biden and Prime Minister Jacinda Ardern of Aotearoa New Zealand—A 21st-Century Partnership for the Pacific, the Indo-Pacific, and the World","https://www.presidency.ucsb.edu/documents/joint-statement-president-biden-and-prime-minister-jacinda-ardern-aotearoa-new-zealand","USA","Ukraine"
"Joe Biden","June 01, 2022","Statement on Additional United States Security Assistance to Ukraine","https://www.presidency.ucsb.edu/documents/statement-additional-united-states-security-assistance-ukraine-0","USA","Ukraine"
"Joe Biden","June 10, 2022","Statement on the Bureau of Labor Statistics Report on the Consumer Price Index for May","https://www.presidency.ucsb.edu/documents/statement-the-bureau-labor-statistics-report-the-consumer-price-index-for-may","USA","Ukraine"
"Joe Biden","June 15, 2022","Statement on Additional United States Security Assistance to Ukraine","https://www.presidency.ucsb.edu/documents/statement-additional-united-states-security-assistance-ukraine-1","USA","Ukraine"
"Joe Biden","June 16, 2022","Interview with Josh Boak of the Associated Press","https://www.presidency.ucsb.edu/documents/interview-with-josh-boak-the-associated-press","USA","Ukraine"
"Joe Biden","June 20, 2022","Statement on World Refugee Day","https://www.presidency.ucsb.edu/documents/statement-world-refugee-day-7","USA","Ukraine"
"Joe Biden","June 26, 2022","Statement on the International Day in Support of Victims of Torture","https://www.presidency.ucsb.edu/documents/statement-the-international-day-support-victims-torture-3","USA","Ukraine"
"Joe Biden","June 27, 2022","Joint Statement by President Biden and President Ursula von der Leyen of the European Commission on European Energy Security","https://www.presidency.ucsb.edu/documents/joint-statement-president-biden-and-president-ursula-von-der-leyen-the-european-2","USA","Ukraine"
"Joe Biden","June 28, 2022","Joint Declaration Between the Kingdom of Spain and the United States of America","https://www.presidency.ucsb.edu/documents/joint-declaration-between-the-kingdom-spain-and-the-united-states-america","USA","Ukraine"
"Joe Biden","July 14, 2022","Joint Statement—The Jerusalem United States-Israel Strategic Partnership Joint Declaration","https://www.presidency.ucsb.edu/documents/joint-statement-the-jerusalem-united-states-israel-strategic-partnership-joint-declaration","USA","Ukraine"
"Joe Biden","July 16, 2022","Joint Statement by President Biden and the Leaders of the Gulf Cooperation Council Nations","https://www.presidency.ucsb.edu/documents/joint-statement-president-biden-and-the-leaders-the-gulf-cooperation-council-nations","USA","Ukraine"
"Joe Biden","July 16, 2022","Joint Statement by President Biden and King Abdullah II of Jordan","https://www.presidency.ucsb.edu/documents/joint-statement-president-biden-and-king-abdullah-ii-jordan","USA","Ukraine"
"Joe Biden","July 16, 2022","Joint Statement by President Biden and President Abdelfattah Said Elsisi of Egypt","https://www.presidency.ucsb.edu/documents/joint-statement-president-biden-and-president-abdelfattah-said-elsisi-egypt","USA","Ukraine"
"Joe Biden","July 28, 2022","Statement Commemorating 100 Years of United States-Baltic States Diplomatic Relations","https://www.presidency.ucsb.edu/documents/statement-commemorating-100-years-united-states-baltic-states-diplomatic-relations","USA","Ukraine"
"Joe Biden","August 01, 2022","Statement on the Tenth Review Conference for the Treaty on the Non-Proliferation of Nuclear Weapons","https://www.presidency.ucsb.edu/documents/statement-the-tenth-review-conference-for-the-treaty-the-non-proliferation-nuclear-weapons","USA","Ukraine"
"Joe Biden","August 24, 2022","Statement on Ukraine's Independence Day","https://www.presidency.ucsb.edu/documents/statement-ukraines-independence-day","USA","Ukraine"
"Joe Biden","September 15, 2022","Statement on the International Day of Democracy","https://www.presidency.ucsb.edu/documents/statement-the-international-day-democracy-0","USA","Ukraine"
"Joe Biden","September 18, 2022","Interview with Scott Pelley of CBS' ""60 Minutes""","https://www.presidency.ucsb.edu/documents/interview-with-scott-pelley-cbs-60-minutes","USA","Ukraine"
"Joe Biden","September 23, 2022","Statement on Russia's Annexation Referendums in Ukraine","https://www.presidency.ucsb.edu/documents/statement-russias-annexation-referendums-ukraine","USA","Ukraine"
"Joe Biden","September 23, 2022","Joint Statement by Group of Seven (G-7) Nations Leaders on Russia's Annexation Referendums in Ukraine","https://www.presidency.ucsb.edu/documents/joint-statement-group-seven-g-7-nations-leaders-russias-annexation-referendums-ukraine","USA","Ukraine"
"Joe Biden","September 29, 2022","Joint Statement—Declaration on U.S.-Pacific Partnership","https://www.presidency.ucsb.edu/documents/joint-statement-declaration-us-pacific-partnership","USA","Ukraine"
"Joe Biden","September 30, 2022","Statement on Russia's Attempt To Annex Ukrainian Territory","https://www.presidency.ucsb.edu/documents/statement-russias-attempt-annex-ukrainian-territory","USA","Ukraine"
"Joe Biden","October 07, 2022","Statement Congratulating the Nobel Peace Prize Recipients","https://www.presidency.ucsb.edu/documents/statement-congratulating-the-nobel-peace-prize-recipients-0","USA","Ukraine"
"Joe Biden","October 10, 2022","Statement on Russia's Missile Strikes Against Ukraine","https://www.presidency.ucsb.edu/documents/statement-russias-missile-strikes-against-ukraine","USA","Ukraine"
"Joe Biden","October 11, 2022","Joint Statement by Group of Seven (G-7) Nations Leaders on Ukraine","https://www.presidency.ucsb.edu/documents/joint-statement-group-seven-g-7-nations-leaders-ukraine","USA","Ukraine"
"Joe Biden","October 11, 2022","Interview with Jack Tapper of CNN","https://www.presidency.ucsb.edu/documents/interview-with-jack-tapper-cnn","USA","Ukraine"
"Joe Biden","October 12, 2022","Statement on the United Nations General Assembly Vote To Condemn Russia's Illegal Attempts To Annex Ukrainian Territory","https://www.presidency.ucsb.edu/documents/statement-the-united-nations-general-assembly-vote-condemn-russias-illegal-attempts-annex","USA","Ukraine"
"Joe Biden","October 12, 2022","Statement on the National Security Strategy","https://www.presidency.ucsb.edu/documents/statement-the-national-security-strategy","USA","Ukraine"
"Joe Biden","October 16, 2022","Statement on World Food Day","https://www.presidency.ucsb.edu/documents/statement-world-food-day","USA","Ukraine"
"Joe Biden","October 20, 2022","Statement on the Resignation of Prime Minister M. Elizabeth Truss of the United Kingdom","https://www.presidency.ucsb.edu/documents/statement-the-resignation-prime-minister-m-elizabeth-truss-the-united-kingdom","USA","Ukraine"
"Joe Biden","October 22, 2022","Statement on the Swearing-in of Giorgia Meloni as Prime Minister of Italy","https://www.presidency.ucsb.edu/documents/statement-the-swearing-giorgia-meloni-prime-minister-italy","USA","Ukraine"
"Joe Biden","October 27, 2022","Interview with Reshad Hudson of Nexstar TV in Syracuse, New York","https://www.presidency.ucsb.edu/documents/interview-with-reshad-hudson-nexstar-tv-syracuse-new-york","USA","Ukraine"
"Joe Biden","November 01, 2022","Joint Statement on the International Counter Ransomware Initiative","https://www.presidency.ucsb.edu/documents/joint-statement-the-international-counter-ransomware-initiative","USA","Ukraine"
"Joe Biden","November 13, 2022","Joint Statement by President Biden, Prime Minister Fumio Kishida of Japan, and President Yoon Suk Yeol of South Korea—Phnom Penh Statement on Trilateral Partnership for the Indo-Pacific","https://www.presidency.ucsb.edu/documents/joint-statement-president-biden-prime-minister-fumio-kishida-japan-and-president-yoon-suk","USA","Ukraine"
"Joe Biden","November 15, 2022","Joint Statement by North Atlantic Treaty Organization and Group of Seven (G-7) Nations Leaders at the Group of Twenty (G-20) Nations Summit in Bali, Indonesia","https://www.presidency.ucsb.edu/documents/joint-statement-north-atlantic-treaty-organization-and-group-seven-g-7-nations-leaders-the","USA","Ukraine"
"Joe Biden","November 16, 2022","Joint Statement—G-20 Bali Leaders' Declaration","https://www.presidency.ucsb.edu/documents/joint-statement-g-20-bali-leaders-declaration","USA","Ukraine"
"Joe Biden","November 23, 2022","Statement on the International Day for the Elimination of Violence Against Women","https://www.presidency.ucsb.edu/documents/statement-the-international-day-for-the-elimination-violence-against-women","USA","Ukraine"
"Joe Biden","November 23, 2022","Statement Honoring the Victims of the Ukrainian Holodomor","https://www.presidency.ucsb.edu/documents/statement-honoring-the-victims-the-ukrainian-holodomor","USA","Ukraine"
"Joe Biden","December 01, 2022","Joint Statement by President Biden and President Emmanuel Macron of France","https://www.presidency.ucsb.edu/documents/joint-statement-president-biden-and-president-emmanuel-macron-france-1","USA","Ukraine"
"Joe Biden","December 07, 2022","Joint Statement—United States-United Kingdom Energy Security and Affordability Partnership","https://www.presidency.ucsb.edu/documents/joint-statement-united-states-united-kingdom-energy-security-and-affordability-partnership","USA","Ukraine"
"Joe Biden","December 12, 2022","Joint Statement—Group of Seven (G-7) Nations Leaders' Statement","https://www.presidency.ucsb.edu/documents/joint-statement-group-seven-g-7-nations-leaders-statement-0","USA","Ukraine"
"Joe Biden","December 15, 2022","Joint Statement by the African Union and the United States on Food Security","https://www.presidency.ucsb.edu/documents/joint-statement-the-african-union-and-the-united-states-food-security","USA","Ukraine"
"Joe Biden","December 15, 2022","Joint Statement—Vision Statement for the United States-Africa Partnership","https://www.presidency.ucsb.edu/documents/joint-statement-vision-statement-for-the-united-states-africa-partnership","USA","Ukraine"
"Joe Biden","December 23, 2022","Statement on Congressional Passage of the Consolidated Appropriations Act, 2023","https://www.presidency.ucsb.edu/documents/statement-congressional-passage-the-consolidated-appropriations-act-2023","USA","Ukraine"
"Joe Biden","January 13, 2023","Joint Statement by President Biden and Prime Minister Fumio Kishida of Japan","https://www.presidency.ucsb.edu/documents/joint-statement-president-biden-and-prime-minister-fumio-kishida-japan","USA","Ukraine"
"Joe Biden","January 18, 2023","Statement on the Helicopter Crash in Brovary, Ukraine","https://www.presidency.ucsb.edu/documents/statement-the-helicopter-crash-brovary-ukraine","USA","Ukraine"
"Joe Biden","February 08, 2023","Interview with Judy Woodruff of CBS News in Madison, Wisconsin","https://www.presidency.ucsb.edu/documents/interview-with-judy-woodruff-cbs-news-madison-wisconsin","USA","Ukraine"
"Joe Biden","February 10, 2023","Joint Statement by President Biden and President Luiz Inácio Lula da Silva of Brazil","https://www.presidency.ucsb.edu/documents/joint-statement-president-biden-and-president-luiz-inacio-lula-da-silva-brazil-0","USA","Ukraine"
"Joe Biden","February 20, 2023","Statement on the President's Travel to Kyiv, Ukraine","https://www.presidency.ucsb.edu/documents/statement-the-presidents-travel-kyiv-ukraine","USA","Ukraine"
"Joe Biden","February 24, 2023","Joint Statement—Group of Seven (G-7) Nations Leaders' Statement on the Situation in Ukraine","https://www.presidency.ucsb.edu/documents/joint-statement-group-seven-g-7-nations-leaders-statement-the-situation-ukraine","USA","Ukraine"
"Joe Biden","February 24, 2023","Interview with David Muir of ABC News","https://www.presidency.ucsb.edu/documents/interview-with-david-muir-abc-news-0","USA","Ukraine"
"Joe Biden","March 08, 2023","Statement on International Women's Day","https://www.presidency.ucsb.edu/documents/statement-international-womens-day-8","USA","Ukraine"
"Joe Biden","March 10, 2023","Joint Statement by President Biden and President Ursula von der Leyen of the European Commission","https://www.presidency.ucsb.edu/documents/joint-statement-president-biden-and-president-ursula-von-der-leyen-the-european-3","USA","Ukraine"
"Joe Biden","March 24, 2023","Joint Statement by President Biden and Prime Minister Justin P.J. Trudeau of Canada","https://www.presidency.ucsb.edu/documents/joint-statement-president-biden-and-prime-minister-justin-pj-trudeau-canada","USA","Ukraine"
"Joe Biden","April 04, 2023","Statement on Finland's Accession to the North Atlantic Treaty Organization","https://www.presidency.ucsb.edu/documents/statement-finlands-accession-the-north-atlantic-treaty-organization","USA","Ukraine"
"Joe Biden","April 20, 2023","Joint Statement By President Biden and President Gustavo Francisco Petro Urrego of Colombia","https://www.presidency.ucsb.edu/documents/joint-statement-president-biden-and-president-gustavo-francisco-petro-urrego-colombia","USA","Ukraine"
"Joe Biden","April 26, 2023","Joint Statement by President Biden and President Yoon Suk Yeol of South Korea Commemorating the 70th Anniversary of the Alliance Between the United States and South Korea","https://www.presidency.ucsb.edu/documents/joint-statement-president-biden-and-president-yoon-suk-yeol-south-korea-commemorating-the","USA","Ukraine"
"Joe Biden","May 01, 2023","Joint Statement by President Biden and President Ferdinand R. ""Bonbong"" Marcos, Jr., of the Philippines","https://www.presidency.ucsb.edu/documents/joint-statement-president-biden-and-president-ferdinand-r-bonbong-marcos-jr-the","USA","Ukraine"
"Joe Biden","May 19, 2023","Joint Statement—Group of Seven (G-7) Nations Leaders' Hiroshima Vision on Nuclear Disarmament","https://www.presidency.ucsb.edu/documents/joint-statement-group-seven-g-7-nations-leaders-hiroshima-vision-nuclear-disarmament","USA","Ukraine"
"Joe Biden","May 19, 2023","Joint Statement by Group of Seven (G-7) Nations Leaders on Ukraine","https://www.presidency.ucsb.edu/documents/joint-statement-group-seven-g-7-nations-leaders-ukraine-0","USA","Ukraine"
"Joe Biden","May 20, 2023","Joint Statement by President Biden, Prime Minister Anthony Albanese of Australia, Prime Minister Narendra Modi of India, and Prime Minister Fumio Kishida of Japan on the Quadrilateral Security Dialogue Leaders Summit in Hiroshima, Japan","https://www.presidency.ucsb.edu/documents/joint-statement-president-biden-prime-minister-anthony-albanese-australia-prime-minister-0","USA","Ukraine"
"Joe Biden","May 20, 2023","Joint Statement—Group of Seven (G-7) Nations Hiroshima Leaders' Communiqué","https://www.presidency.ucsb.edu/documents/joint-statement-group-seven-g-7-nations-hiroshima-leaders-communique","USA","Ukraine"
"Joe Biden","May 20, 2023","Joint Statement—Hiroshima Action Statement for Resilient Global Food Security","https://www.presidency.ucsb.edu/documents/joint-statement-hiroshima-action-statement-for-resilient-global-food-security","USA","Ukraine"
"Joe Biden","May 20, 2023","Joint Statement by President Biden and Prime Minister Anthony Albanese of Australia—An Alliance for Our Times","https://www.presidency.ucsb.edu/documents/joint-statement-president-biden-and-prime-minister-anthony-albanese-australia-alliance-for","USA","Ukraine"
"Joe Biden","May 20, 2023","Joint Statement by Group of Seven (G-7) Nations Leaders on Economic Resilience and Economic Security","https://www.presidency.ucsb.edu/documents/joint-statement-group-seven-g-7-nations-leaders-economic-resilience-and-economic-security","USA","Ukraine"
"Joe Biden","June 08, 2023","Joint Statement—The Atlantic Declaration: A Framework for a Twenty-First Century United States-United Kingdom Economic Partnership","https://www.presidency.ucsb.edu/documents/joint-statement-the-atlantic-declaration-framework-for-twenty-first-century-united-states","USA","Ukraine"
"Joe Biden","June 13, 2023","Statement on the Bureau of Labor Statistics Consumer Price Index Report for May","https://www.presidency.ucsb.edu/documents/statement-the-bureau-labor-statistics-consumer-price-index-report-for-may-0","USA","Ukraine"
"Joe Biden","June 20, 2023","Statement on World Refugee Day","https://www.presidency.ucsb.edu/documents/statement-world-refugee-day-8","USA","Ukraine"
"Joe Biden","June 20, 2023","Statement on United States Economic Sanctions Against Perpetrators of Conflict-Related Sexual Violence","https://www.presidency.ucsb.edu/documents/statement-united-states-economic-sanctions-against-perpetrators-conflict-related-sexual","USA","Ukraine"
"Joe Biden","June 22, 2023","Joint Statement by President Biden and Prime Minister Narendra Modi of India","https://www.presidency.ucsb.edu/documents/joint-statement-president-biden-and-prime-minister-narendra-modi-india","USA","Ukraine"
"Joe Biden","June 26, 2023","Statement on International Day in Support of Victims of Torture","https://www.presidency.ucsb.edu/documents/statement-international-day-support-victims-torture","USA","Ukraine"
"Joe Biden","July 09, 2023","Interview with Fareed Zakaria of CNN's ""Global Public Square""","https://www.presidency.ucsb.edu/documents/interview-with-fareed-zakaria-cnns-global-public-square-0","USA","Ukraine"
"Joe Biden","July 21, 2023","Statement on the Elevation of Central Intelligence Agency Director William J. Burns to Cabinet Level","https://www.presidency.ucsb.edu/documents/statement-the-elevation-central-intelligence-agency-director-william-j-burns-cabinet-level","USA","Ukraine"
"Joe Biden","July 27, 2023","Joint Statement by President Biden and Prime Minister Giorgia Meloni of Italy","https://www.presidency.ucsb.edu/documents/joint-statement-president-biden-and-prime-minister-giorgia-meloni-italy","USA","Ukraine"
"Joe Biden","August 18, 2023","Joint Statement by President Biden, President Yoon Suk Yeol of South Korea, and Prime Minister Fumio Kishida of Japan—The Spirit of Camp David","https://www.presidency.ucsb.edu/documents/joint-statement-president-biden-president-yoon-suk-yeol-south-korea-and-prime-minister","USA","Ukraine"
"Joe Biden","August 24, 2023","Statement on Ukraine's Independence Day","https://www.presidency.ucsb.edu/documents/statement-ukraines-independence-day-0","USA","Ukraine"
"Joe Biden","September 11, 2023","Joint Statement—Elevating United States-Vietnam Relations to a Comprehensive Strategic Partnership","https://www.presidency.ucsb.edu/documents/joint-statement-elevating-united-states-vietnam-relations-comprehensive-strategic","USA","Ukraine"
"Joe Biden","September 14, 2023","Statement on the Appointment of Penny S. Pritzker as United States Special Representative for Ukraine's Economic Recovery","https://www.presidency.ucsb.edu/documents/statement-the-appointment-penny-s-pritzker-united-states-special-representative-for","USA","Ukraine"
"Joe Biden","September 15, 2023","Statement on International Day of Democracy","https://www.presidency.ucsb.edu/documents/statement-international-day-democracy","USA","Ukraine"
"Joe Biden","September 25, 2023","Joint Statement—U.S.-Pacific Islands Forum Leaders Statement on Reaffirming U.S.-Pacific Partnership","https://www.presidency.ucsb.edu/documents/joint-statement-us-pacific-islands-forum-leaders-statement-reaffirming-us-pacific","USA","Ukraine"
"Joe Biden","September 30, 2023","Statement on Congressional Passage of a Continuing Resolution To Fund Federal Government Operations","https://www.presidency.ucsb.edu/documents/statement-congressional-passage-continuing-resolution-fund-federal-government-operations","USA","Ukraine"
"Joe Biden","October 06, 2023","Joint Statement by President Biden and President Frank-Walter Steinmeier of Germany on German-American Day","https://www.presidency.ucsb.edu/documents/joint-statement-president-biden-and-president-frank-walter-steinmeier-germany-german","USA","Ukraine"
"Joe Biden","October 15, 2023","Interview with Scott Pelley of CBS News ""60 Minutes""","https://www.presidency.ucsb.edu/documents/interview-with-scott-pelley-cbs-news-60-minutes-0","USA","Ukraine"
"Joe Biden","October 20, 2023","Joint Statement by President Biden, President Charles Yvon Michel of the European Council, and President Ursula von der Leyen of the European Commission","https://www.presidency.ucsb.edu/documents/joint-statement-president-biden-president-charles-yvon-michel-the-european-council-and","USA","Ukraine"
"Joe Biden","October 25, 2023","Joint Statement by President Biden and Prime Minister Anthony Albanese of Australia—Building an Innovation Alliance","https://www.presidency.ucsb.edu/documents/joint-statement-president-biden-and-prime-minister-anthony-albanese-australia-building","USA","Ukraine"
"Joe Biden","October 25, 2023","Statement on the Election of J. Michael Johnson as Speaker of the House of Representatives","https://www.presidency.ucsb.edu/documents/statement-the-election-j-michael-johnson-speaker-the-house-representatives","USA","Ukraine"
"Joe Biden","November 13, 2023","Joint Statement by President Biden and President Joko ""Jokowi"" Widodo of Indonesia","https://www.presidency.ucsb.edu/documents/joint-statement-president-biden-and-president-joko-jokowi-widodo-indonesia","USA","Ukraine"
"Joe Biden","November 14, 2023","Statement on the Bureau of Labor Statistics Consumer Price Index Report for October","https://www.presidency.ucsb.edu/documents/statement-the-bureau-labor-statistics-consumer-price-index-report-for-october-0","USA","Ukraine"
"Joe Biden","November 17, 2023","Statement on the Asia-Pacific Economic Cooperation Economic Leaders Meeting in San Francisco, California","https://www.presidency.ucsb.edu/documents/statement-the-asia-pacific-economic-cooperation-economic-leaders-meeting-san-francisco","USA","Ukraine"
"Joe Biden","November 25, 2023","Statement Honoring the Victims of the Ukrainian Holodomor","https://www.presidency.ucsb.edu/documents/statement-honoring-the-victims-the-ukrainian-holodomor-0","USA","Ukraine"
"Joe Biden","December 06, 2023","Joint Statement—Group of Seven (G-7) Nations Leaders Statement","https://www.presidency.ucsb.edu/documents/joint-statement-group-seven-g-7-nations-leaders-statement-1","USA","Ukraine"
"Joe Biden","December 13, 2023","Statement on House of Representatives Approval of a Resolution Authorizing an Impeachment Inquiry Into the President","https://www.presidency.ucsb.edu/documents/statement-house-representatives-approval-resolution-authorizing-impeachment-inquiry-into","USA","Ukraine"
"Joe Biden","December 29, 2023","Statement on Russia's Aerial Assault on Ukraine","https://www.presidency.ucsb.edu/documents/statement-russias-aerial-assault-ukraine","USA","Ukraine"
"Joe Biden","February 04, 2024","Statement on the Bipartisan Senate Agreement for National Security Legislation","https://www.presidency.ucsb.edu/documents/statement-the-bipartisan-senate-agreement-for-national-security-legislation","USA","Ukraine"
"Joe Biden","February 13, 2024","Statement on Senate Passage of Emergency National Security Supplemental Appropriations Legislation","https://www.presidency.ucsb.edu/documents/statement-senate-passage-emergency-national-security-supplemental-appropriations","USA","Ukraine"
"Joe Biden","February 23, 2024","Statement Ahead of the Second Anniversary of Russia's Assault Against Ukraine","https://www.presidency.ucsb.edu/documents/statement-ahead-the-second-anniversary-russias-assault-against-ukraine","USA","Ukraine"
"Joe Biden","February 24, 2024","Joint Statement by Group of Seven (G-7) Nations Leaders","https://www.presidency.ucsb.edu/documents/joint-statement-group-seven-g-7-nations-leaders","USA","Ukraine"
"Joe Biden","February 26, 2024","Interview with Seth Meyers on NBC's ""Late Night""","https://www.presidency.ucsb.edu/documents/interview-with-seth-meyers-nbcs-late-night","USA","Ukraine"
"Joe Biden","February 29, 2024","Statement on Congressional Passage of Continuing Appropriations Legislation","https://www.presidency.ucsb.edu/documents/statement-congressional-passage-continuing-appropriations-legislation","USA","Ukraine"
"Joe Biden","March 07, 2024","Statement on Sweden's Accession to the North Atlantic Treaty Organization","https://www.presidency.ucsb.edu/documents/statement-swedens-accession-the-north-atlantic-treaty-organization","USA","Ukraine"
"Joe Biden","March 29, 2024","Statement on Russia's Detention of United States Citizen Evan Gershkovich","https://www.presidency.ucsb.edu/documents/statement-russias-detention-united-states-citizen-evan-gershkovich","USA","Ukraine"
"Joe Biden","April 04, 2024","Statement on the 75th Anniversary of the North Atlantic Treaty Organization","https://www.presidency.ucsb.edu/documents/statement-the-75th-anniversary-the-north-atlantic-treaty-organization","USA","Ukraine"
"Joe Biden","April 10, 2024","Joint Statement by President Biden and Prime Minister Fumio Kishida of Japan—Global Partners for the Future","https://www.presidency.ucsb.edu/documents/joint-statement-president-biden-and-prime-minister-fumio-kishida-japan-global-partners-for","USA","Ukraine"
"Joe Biden","April 11, 2024","Joint Statement by President Biden, Prime Minister Fumio Kishida of Japan, and President Ferdinand R. ""Bongbong"" Marcos, Jr., of the Philippines","https://www.presidency.ucsb.edu/documents/joint-statement-president-biden-prime-minister-fumio-kishida-japan-and-president-ferdinand","USA","Ukraine"
"Joe Biden","April 17, 2024","Statement on House of Representatives Action on National Security Supplemental Appropriations Legislation","https://www.presidency.ucsb.edu/documents/statement-house-representatives-action-national-security-supplemental-appropriations","USA","Ukraine"
"Joe Biden","April 20, 2024","Statement on House of Representatives Passage of National Security Supplemental Appropriations Legislation","https://www.presidency.ucsb.edu/documents/statement-house-representatives-passage-national-security-supplemental-appropriations","USA","Ukraine"
"Joe Biden","April 23, 2024","Statement on Senate Passage of National Security Supplemental Appropriations Legislation","https://www.presidency.ucsb.edu/documents/statement-senate-passage-national-security-supplemental-appropriations-legislation","USA","Ukraine"
"Joe Biden","May 23, 2024","Joint Statement by President Biden and President William Ruto of Kenya—The Nairobi-Washington Vision","https://www.presidency.ucsb.edu/documents/joint-statement-president-biden-and-president-william-ruto-kenya-the-nairobi-washington","USA","Ukraine"
"Joe Biden","June 08, 2024","Joint Statement by President Biden and President Emmanuel Macron of France—French-American Roadmap","https://www.presidency.ucsb.edu/documents/joint-statement-president-biden-and-president-emmanuel-macron-france-french-american","USA","Ukraine"
"Joe Biden","June 14, 2024","Joint Statement by Group of Seven (G-7) Nation Leaders—G7 Apulia Leaders' Communiqué","https://www.presidency.ucsb.edu/documents/joint-statement-group-seven-g-7-nation-leaders-g7-apulia-leaders-communique","USA","Ukraine"
"Joe Biden","July 05, 2024","Interview with George Stephanopoulos of ABC News","https://www.presidency.ucsb.edu/documents/interview-with-george-stephanopoulos-abc-news-4","USA","Ukraine"
"Joe Biden","July 08, 2024","Statement on Russian Missile Strikes in Ukraine","https://www.presidency.ucsb.edu/documents/statement-russian-missile-strikes-ukraine","USA","Ukraine"
"Joe Biden","July 09, 2024","Joint Statement by President Biden, Prime Minister Dick Schoof of the Netherlands, Chancellor Olaf Scholz of Germany, Prime Minister Giorgia Meloni of Italy, President Klaus Iohannis of Romania, and President Volodymyr Zelenskyy of Ukraine on Strengthening Ukraine's Air Defenses","https://www.presidency.ucsb.edu/documents/joint-statement-president-biden-prime-minister-dick-schoof-the-netherlands-chancellor-olaf","USA","Ukraine"
"Joe Biden","July 10, 2024","Joint Statement by President Biden, Prime Minister Dick Schoof of the Netherlands, and Prime Minister Mette Frederiksen of Denmark on Efforts To Provide F-16 Fighter Jets to Ukraine","https://www.presidency.ucsb.edu/documents/joint-statement-president-biden-prime-minister-dick-schoof-the-netherlands-and-prime","USA","Ukraine"
"Joe Biden","July 11, 2024","Joint Statement—President Joe Biden Launches the Ukraine Compact","https://www.presidency.ucsb.edu/documents/joint-statement-president-joe-biden-launches-the-ukraine-compact","USA","Ukraine"
"Joe Biden","August 06, 2024","Statement on the Resignation of United States Special Representative for Ukraine's Economic Recovery Penny S. Pritzker","https://www.presidency.ucsb.edu/documents/statement-the-resignation-united-states-special-representative-for-ukraines-economic","USA","Ukraine"
"Joe Biden","August 14, 2024","Statement on Prime Minister Fumio Kishida of Japan's Decision Not To Seek Reelection","https://www.presidency.ucsb.edu/documents/statement-prime-minister-fumio-kishida-japans-decision-not-seek-reelection","USA","Ukraine"
"Joe Biden","August 23, 2024","Statement on Ukraine's Independence Day","https://www.presidency.ucsb.edu/documents/statement-ukraines-independence-day-1","USA","Ukraine"
"Joe Biden","August 26, 2024","Statement on Russia's Aerial Assault on Ukraine's Energy Grid","https://www.presidency.ucsb.edu/documents/statement-russias-aerial-assault-ukraines-energy-grid","USA","Ukraine"
"Joe Biden","September 03, 2024","Statement on the Russian Attack on Poltava, Ukraine","https://www.presidency.ucsb.edu/documents/statement-the-russian-attack-poltava-ukraine","USA","Ukraine"
"Joe Biden","September 21, 2024","Joint Statement by President Biden, Prime Minister Anthony Albanese of Australia, Prime Minister Fumio Kishida of Japan, and Prime Minister Narendra Modi of India—The Wilmington Declaration","https://www.presidency.ucsb.edu/documents/joint-statement-president-biden-prime-minister-anthony-albanese-australia-prime-minister-1","USA","Ukraine"
"Joe Biden","September 25, 2024","Joint Statement by Group of Seven (G-7) Nations Leaders—Joint Declaration of Support for Recovery and Reconstruction of Ukraine","https://www.presidency.ucsb.edu/documents/joint-statement-group-seven-g-7-nations-leaders-joint-declaration-support-for-recovery-and","USA","Ukraine"
"Joe Biden","September 26, 2024","Statement on United States Assistance to Ukraine","https://www.presidency.ucsb.edu/documents/statement-united-states-assistance-ukraine","USA","Ukraine"
"Joe Biden","October 02, 2024","International Counter Ransomware Initiative 2024 Joint Statement","https://www.presidency.ucsb.edu/documents/international-counter-ransomware-initiative-2024-joint-statement","USA","Ukraine"
"Joe Biden","October 23, 2024","Statement on the Group of Seven (G-7) Nations Decision To Leverage Russian Sovereign Assets in Support of Ukraine","https://www.presidency.ucsb.edu/documents/statement-the-group-seven-g-7-nations-decision-leverage-russian-sovereign-assets-support","USA","Ukraine"
"Joe Biden","October 24, 2024","Statement on World Polio Day","https://www.presidency.ucsb.edu/documents/statement-world-polio-day","USA","Ukraine"
"Joe Biden","October 25, 2024","Joint Statement by Group of Seven (G-7) Nations Leaders on Extraordinary Revenue Acceleration (ERA) Loans to Ukraine","https://www.presidency.ucsb.edu/documents/joint-statement-group-seven-g-7-nations-leaders-extraordinary-revenue-acceleration-era","USA","Ukraine"
"Joe Biden","November 12, 2024","Joint Statement by President Biden and President Prabowo Subianto Djojohadikusumo of Indonesia—Commemorating 75 Years of Diplomatic Relations","https://www.presidency.ucsb.edu/documents/joint-statement-president-biden-and-president-prabowo-subianto-djojohadikusumo-indonesia","USA","Ukraine"
"Joe Biden","November 15, 2024","Joint Statement by President Biden, Prime Minister Shigeru Ishiba of Japan, and President Yoon Suk Yeol of South Korea","https://www.presidency.ucsb.edu/documents/joint-statement-president-biden-prime-minister-shigeru-ishiba-japan-and-president-yoon-suk","USA","Ukraine"
"Joe Biden","November 23, 2024","Statement Honoring the Victims of the Ukrainian Holodomor","https://www.presidency.ucsb.edu/documents/statement-honoring-the-victims-the-ukrainian-holodomor-1","USA","Ukraine"
"Joe Biden","November 28, 2024","Statement on Russia's Attack Against Ukraine","https://www.presidency.ucsb.edu/documents/statement-russias-attack-against-ukraine","USA","Ukraine"
"Joe Biden","December 25, 2024","Statement on Russia's Aerial Attacks Against Ukraine","https://www.presidency.ucsb.edu/documents/statement-russias-aerial-attacks-against-ukraine","USA","Ukraine"
"Joe Biden","December 30, 2024","Statement on United States Security Assistance to Ukraine","https://www.presidency.ucsb.edu/documents/statement-united-states-security-assistance-ukraine","USA","Ukraine"
"Joe Biden","January 07, 2025","Statement on the Resignation of Prime Minister Justin P.J. Trudeau of Canada","https://www.presidency.ucsb.edu/documents/statement-the-resignation-prime-minister-justin-pj-trudeau-canada","USA","Ukraine"
"Antony Blinken",NA,"Secretary Blinken and Secretary Austin’s Travel to Ukraine - United States Department of State","https://web.archive.org/web/20250215064359/https://2021-2025.state.gov/secretary-blinken-and-secretary-austins-travel-to-ukraine/","USA","Ukraine"
"Antony Blinken",NA,"Secretary Blinken to Deliver a Speech on the Crisis in Ukraine - United States Department of State","https://web.archive.org/web/20250214224737/https://2021-2025.state.gov/secretary-blinken-to-deliver-a-speech-on-the-crisis-in-ukraine/","USA","Ukraine"
"Antony Blinken",NA,"Secretary Antony J. Blinken and NATO Secretary General Jens Stoltenberg at a Joint Press Availability - United States Department of State","https://web.archive.org/web/20250214041626/https://2021-2025.state.gov/secretary-antony-j-blinken-and-nato-secretary-general-jens-stoltenberg-at-a-joint-press-availability/","USA","Ukraine"
"Antony Blinken",NA,"Secretary Blinken to Deliver Speech at Helsinki City Hall - United States Department of State","https://web.archive.org/web/20250212083710/https://2021-2025.state.gov/secretary-blinken-to-deliver-speech-at-helsinki-city-hall/","USA","Ukraine"
"Antony Blinken",NA,"Secretary Blinken's Remarks at the United Nations Security Council Ministerial Meeting on Ukraine - United States Department of State","https://web.archive.org/web/20250216150059/https://2021-2025.state.gov/secretary-blinkens-remarks-at-the-united-nations-security-council-ministerial-meeting-on-ukraine/","USA","Ukraine"
"Antony Blinken",NA,"October 10 briefing with Ambassador Julianne Smith, U.S. Permanent Representative to the North Atlantic Treaty Organization (NATO) - United States Department of State","https://web.archive.org/web/20250213011041/https://2021-2025.state.gov/october-10-briefing-with-ambassador-julianne-smith-u-s-permanent-representative-to-the-north-atlantic-treaty-organization-nato/","USA","Ukraine"
"Antony Blinken",NA,"Russia’s Strategic Failure and Ukraine’s Secure Future - United States Department of State","https://web.archive.org/web/20250212083940/https://2021-2025.state.gov/russias-strategic-failure-and-ukraines-secure-future/","USA","Ukraine"
"Antony Blinken",NA,"Secretary Antony J. Blinken Remarks to the Press - United States Department of State","https://web.archive.org/web/20250403171930/https://2021-2025.state.gov/secretary-antony-j-blinken-remarks-to-the-press-31/","USA","Ukraine"
"Donald Trump",NA,"Read Trump’s ‘100 Days’ Interview Transcript | TIME","https://time.com/7280114/donald-trump-2025-interview-transcript/","USA","Ukraine"
"Donald Trump",NA,"FULL TRANSCRIPT: Trump's exclusive 100 days broadcast interview with ABC News - ABC News","https://abcnews.go.com/US/full-transcript-trumps-exclusive-100-days-broadcast-interview/story?id=121291672","USA","Ukraine"
"Donald Trump",NA,"Transcript of the 2025 Trump–Zelenskyy meeting - Wikisource, the free online library","https://en.wikisource.org/wiki/Transcript_of_the_2025_Trump–Zelenskyy_meeting","USA","Ukraine"
"Donald Trump",NA,"'This Week' Transcript 7-13-25: White House NEC Director Kevin Hassett - ABC News","https://abcnews.go.com/Politics/week-transcript-6-8-25-white-house-nec/story?id=123708097","USA","Ukraine"
"Donald Trump",NA,"CNN.com - Transcripts","https://transcripts.cnn.com/show/ip/date/2025-01-07/segment/02","USA","Ukraine"
"Marco Rubio",NA,"Secretary of State Marco Rubio with George Stephanopoulos of ABC This Week - United States Department of State","https://web.archive.org/web/20250407030340/https://www.state.gov/secretary-of-state-marco-rubio-with-george-stephanopoulos-of-abc-this-week/","USA","Ukraine"
"Marco Rubio",NA,"Secretary of State Marco Rubio With Kaitlan Collins of CNN - United States Department of State","https://web.archive.org/web/20250428084345/https://www.state.gov/secretary-of-state-marco-rubio-with-kaitlan-collins-of-cnn/","USA","Ukraine"
"Marco Rubio",NA,"Secretary of State Marco Rubio's Remarks to the Press at the Kuala Lumpur Convention Center - United States Department of State","https://web.archive.org/web/20250711095736/https://www.state.gov/releases/office-of-the-spokesperson/2025/07/secretary-of-state-marco-rubios-remarks-to-the-press-at-the-kuala-lumpur-convention-center","USA","Ukraine"
"Vladimir Putin",NA,"Заседание Совета Безопасности • Президент России","https://web.archive.org/web/20250418013820/http://kremlin.ru/catalog/countries/UA/events/67825","Russia","Ukraine"
"Vladimir Putin",NA,"Обращение Президента Российской Федерации • Президент России","https://web.archive.org/web/20250514121905/http://kremlin.ru/catalog/countries/UA/events/67828","Russia","Ukraine"
"Vladimir Putin",NA,"Обращение Президента Российской Федерации • Президент России","https://web.archive.org/web/20241207140314/http://kremlin.ru/catalog/countries/UA/events/67843","Russia","Ukraine"
"Vladimir Putin",NA,"Встреча с Министром обороны Сергеем Шойгу • Президент России","https://web.archive.org/web/20250520012029/http://kremlin.ru/catalog/countries/UA/events/68254","Russia","Ukraine"
"Vladimir Putin",NA,"Обращение Президента Российской Федерации • Президент России","https://web.archive.org/web/20250622000626/http://kremlin.ru/catalog/countries/UA/events/69390","Russia","Ukraine"
"Vladimir Putin",NA,"Cовещание с постоянными членами Совета Безопасности • Президент России","https://web.archive.org/web/20250425060814/http://kremlin.ru/catalog/countries/UA/events/69568","Russia","Ukraine"
"Vladimir Putin",NA,"Ответ на вопрос о налёте беспилотников на Москву и Московскую область • Президент России","https://web.archive.org/web/20250626150210/http://kremlin.ru/catalog/countries/UA/events/71256","Russia","Ukraine"
"Vladimir Putin",NA,"Ответ на вопрос о ситуации в зоне СВО • Президент России","https://web.archive.org/web/20250612224954/http://kremlin.ru/catalog/countries/UA/events/71329","Russia","Ukraine"
"Vladimir Putin",NA,"Владимир Путин провёл оперативное совещание в Ново-Огарёве • Президент России","https://web.archive.org/web/20250420045457/http://kremlin.ru/catalog/countries/UA/events/74856","Russia","Ukraine"
"Vladimir Putin",NA,"Посещение пункта управления Курской группировкой • Президент России","https://web.archive.org/web/20250428012051/http://kremlin.ru/catalog/countries/UA/events/76446","Russia","Ukraine"
"Vladimir Putin",NA,"Совещание с постоянными членами Совета Безопасности • Президент России","https://web.archive.org/web/20250522170426/http://kremlin.ru/catalog/countries/UA/events/76600","Russia","Ukraine"
"Sergey Lavrov",NA,"Выступление и ответы на вопросы СМИ Министра иностранных дел Российской Федерации С.В.Лаврова по итогам СМИД ШОС, Панаджи, 5 мая 2023 года - Министерство иностранных дел Российской Федерации","https://web.archive.org/web/20231126213347/https://www.mid.ru/ru/foreign_policy/news/1867466/","Russia","Ukraine"
"Sergey Lavrov",NA,"Интервью Министра иностранных дел Российской Федерации С.В.Лаврова для фильма «Нацизм под следствием», Москва, 26 ноября 2022 года  - Министерство иностранных дел Российской Федерации","https://web.archive.org/web/20221127042304/https://www.mid.ru/ru/foreign_policy/news/1840230/","Russia","Ukraine"
"Sergey Lavrov","12/06/2024","Foreign Minister Sergey Lavrov’s interview to Tucker Carlson, Moscow, December 6, 2024","https://singjupost.com/full-transcript-foreign-minister-sergey-lavrovs-interview-to-tucker-carlson/","Russia","Ukraine"
"Sergey Lavrov","12/06/2024","Foreign Minister Sergey Lavrov’s interview to Tucker Carlson, Moscow, December 6, 2024","https://singjupost.com/full-transcript-foreign-minister-sergey-lavrovs-interview-to-tucker-carlson/","Russia","Ukraine"
"Sergey Lavrov","04/19/2022","Foreign Minister Sergey Lavrov’s interview with India Today television channel, Moscow, April 19, 2022","https://www.mid.ru/en/foreign_policy/news/1810023/?","Russia","Ukraine"
"Sergey Lavrov","02/22/2022","Ответы Министра иностранных дел Российской Федерации С.В.Лаврова на вопросы телеканала «Россия 1», Москва, 22 февраля 2022 года","https://www.mid.ru/ru/foreign_policy/news/1799937/","Russia","Ukraine"
"Sergey Lavrov","07/08/2022","Выступление и ответы на вопросы СМИ Министра иностранных дел Российской Федерации С.В.Лаврова по итогам заседания СМИД «Группы двадцати», Денпасар, 8 июля 2022 года","https://www.mid.ru/ru/foreign_policy/news/1821243/","Russia","Ukraine"
"Bill Clinton","March 31, 1999","Interview With Dan Rather of CBS News","https://www.presidency.ucsb.edu/documents/interview-with-dan-rather-cbs-news-0","USA","Chechnya"
"Bill Clinton","May 13, 1999","Remarks to the Veterans of Foreign Wars of the United States at Fort McNair, Maryland","https://www.presidency.ucsb.edu/documents/remarks-the-veterans-foreign-wars-the-united-states-fort-mcnair-maryland","USA","Chechnya"
"Bill Clinton","June 11, 1999","Interview With Jim Lehrer of PBS' ""NewsHour""","https://www.presidency.ucsb.edu/documents/interview-with-jim-lehrer-pbs-newshour-0","USA","Chechnya"
"Bill Clinton","September 28, 1999","Press Briefing by Joe Lockhart","https://www.presidency.ucsb.edu/documents/press-briefing-joe-lockhart-132","USA","Chechnya"
"Bill Clinton","October 22, 1999","Press Briefing by Joe Lockhart","https://www.presidency.ucsb.edu/documents/press-briefing-joe-lockhart-214","USA","Chechnya"
"Bill Clinton","October 28, 1999","The President's News Conference With President Olusegun Obasanjo of Nigeria","https://www.presidency.ucsb.edu/documents/the-presidents-news-conference-with-president-olusegun-obasanjo-nigeria","USA","Chechnya"
"Bill Clinton","November 01, 1999","Remarks Following Discussions With Prime Minister Kjell Magne Bondevik of Norway and an Exchange With Reporters in Oslo","https://www.presidency.ucsb.edu/documents/remarks-following-discussions-with-prime-minister-kjell-magne-bondevik-norway-and-exchange","USA","Chechnya"
"Bill Clinton","November 01, 1999","Press Briefing by Joe Lockhart","https://www.presidency.ucsb.edu/documents/press-briefing-joe-lockhart-120","USA","Chechnya"
"Bill Clinton","November 08, 1999","Remarks at Georgetown University","https://www.presidency.ucsb.edu/documents/remarks-georgetown-university-0","USA","Chechnya"
"Bill Clinton","November 08, 1999","Press Briefing by Joe Lockhart","https://www.presidency.ucsb.edu/documents/press-briefing-joe-lockhart-119","USA","Chechnya"
"Bill Clinton","November 09, 1999","Remarks on Budget Negotiations and an Exchange With Reporters","https://www.presidency.ucsb.edu/documents/remarks-budget-negotiations-and-exchange-with-reporters-0","USA","Chechnya"
"Bill Clinton","November 12, 1999","Press Briefing by National Security Advisor Sandy Berger, Assistant Secretary of State for European Affairs Mark Grossman, and Special Assistant to the President At N.S.C. Chris Hill on the President's Trip to Europe","https://www.presidency.ucsb.edu/documents/press-briefing-national-security-advisor-sandy-berger-assistant-secretary-state-for","USA","Chechnya"
"Bill Clinton","November 12, 1999","Press Briefing by Joe Lockhart","https://www.presidency.ucsb.edu/documents/press-briefing-joe-lockhart-117","USA","Chechnya"
"Bill Clinton","November 15, 1999","Remarks Following Discussions With President Suleyman Demirel of Turkey and an Exchange With Reporters in Ankara","https://www.presidency.ucsb.edu/documents/remarks-following-discussions-with-president-suleyman-demirel-turkey-and-exchange-with","USA","Chechnya"
"Bill Clinton","November 15, 1999","Press Briefing by National Security Advisor Sandy Berger","https://www.presidency.ucsb.edu/documents/press-briefing-national-security-advisor-sandy-berger-13","USA","Chechnya"
"Bill Clinton","November 17, 1999","Press Briefing by White House Press Secretary Joe Lockhart","https://www.presidency.ucsb.edu/documents/press-briefing-white-house-press-secretary-joe-lockhart","USA","Chechnya"
"Bill Clinton","November 18, 1999","Remarks at the Opening of the Organization for Security and Cooperation in Europe Summit in Istanbul","https://www.presidency.ucsb.edu/documents/remarks-the-opening-the-organization-for-security-and-cooperation-europe-summit-istanbul","USA","Chechnya"
"Bill Clinton","November 18, 1999","Remarks on the Budget Agreement and an Exchange With Reporters in Istanbul","https://www.presidency.ucsb.edu/documents/remarks-the-budget-agreement-and-exchange-with-reporters-istanbul","USA","Chechnya"
"Bill Clinton","November 18, 1999","Press Briefing by Secretary of State Madeleine Albright","https://www.presidency.ucsb.edu/documents/press-briefing-secretary-state-madeleine-albright-2","USA","Chechnya"
"Bill Clinton","November 18, 1999","Press Briefing by National Security Advisor Sandy Berger","https://www.presidency.ucsb.edu/documents/press-briefing-national-security-advisor-sandy-berger-12","USA","Chechnya"
"Bill Clinton","November 19, 1999","Remarks Prior to Discussions With Prime Minister Bertie Ahern of Ireland and an Exchange With Reporters in Istanbul","https://www.presidency.ucsb.edu/documents/remarks-prior-discussions-with-prime-minister-bertie-ahern-ireland-and-exchange-with","USA","Chechnya"
"Bill Clinton","November 20, 1999","The President's News Conference With Prime Minister Konstandinos Simitis of Greece in Athens","https://www.presidency.ucsb.edu/documents/the-presidents-news-conference-with-prime-minister-konstandinos-simitis-greece-athens","USA","Chechnya"
"Bill Clinton","November 22, 1999","Exchange With Reporters Prior to Discussions With President Petar Stoyanov of Bulgaria in Sofia","https://www.presidency.ucsb.edu/documents/exchange-with-reporters-prior-discussions-with-president-petar-stoyanov-bulgaria-sofia","USA","Chechnya"
"Bill Clinton","November 24, 1999","Remarks at the Thanksgiving Turkey Presentation Ceremony and an Exchange With Reporters","https://www.presidency.ucsb.edu/documents/remarks-the-thanksgiving-turkey-presentation-ceremony-and-exchange-with-reporters","USA","Chechnya"
"Bill Clinton","December 06, 1999","Remarks on Presenting the Eleanor Roosevelt Award for Human Rights","https://www.presidency.ucsb.edu/documents/remarks-presenting-the-eleanor-roosevelt-award-for-human-rights","USA","Chechnya"
"Bill Clinton","December 07, 1999","Press Briefing by Joe Lockhart","https://www.presidency.ucsb.edu/documents/press-briefing-joe-lockhart-112","USA","Chechnya"
"Bill Clinton","December 08, 1999","The President's News Conference","https://www.presidency.ucsb.edu/documents/the-presidents-news-conference-1060","USA","Chechnya"
"Bill Clinton","December 09, 1999","Remarks on the Digital Divide and an Exchange With Reporters","https://www.presidency.ucsb.edu/documents/remarks-the-digital-divide-and-exchange-with-reporters","USA","Chechnya"
"Bill Clinton","December 16, 1999","Press Briefing by Joe Lockhart","https://www.presidency.ucsb.edu/documents/press-briefing-joe-lockhart-109","USA","Chechnya"
"Bill Clinton","December 16, 1999","Press Briefing by Secretary of State Madeleine Albright","https://www.presidency.ucsb.edu/documents/press-briefing-secretary-state-madeleine-albright-3","USA","Chechnya"
"Bill Clinton","December 17, 1999","United States-European Union Summit Statement on Chechnya","https://www.presidency.ucsb.edu/documents/united-states-european-union-summit-statement-chechnya","USA","Chechnya"
"Bill Clinton","December 17, 1999","Press Briefing by Joe Lockhart","https://www.presidency.ucsb.edu/documents/press-briefing-joe-lockhart-211","USA","Chechnya"
"Bill Clinton","December 17, 1999","Press Briefing by Senior Director for European Affairs Tony Blinken","https://www.presidency.ucsb.edu/documents/press-briefing-senior-director-for-european-affairs-tony-blinken","USA","Chechnya"
"Bill Clinton","December 20, 1999","Press Briefing by Joe Lockhart","https://www.presidency.ucsb.edu/documents/press-briefing-joe-lockhart-210","USA","Chechnya"
"Bill Clinton","December 21, 1999","Press Briefing by Joe Lockhart","https://www.presidency.ucsb.edu/documents/press-briefing-joe-lockhart-108","USA","Chechnya"
"Bill Clinton","December 31, 1999","Statement on the Resignation of President Boris Yeltsin of Russia","https://www.presidency.ucsb.edu/documents/statement-the-resignation-president-boris-yeltsin-russia","USA","Chechnya"
"Bill Clinton","January 03, 2000","Press Briefing by Joe Lockhart","https://www.presidency.ucsb.edu/documents/press-briefing-joe-lockhart-87","USA","Chechnya"
"Bill Clinton","January 14, 2000","Press Briefing by Joe Lockhart","https://www.presidency.ucsb.edu/documents/press-briefing-joe-lockhart-67","USA","Chechnya"
"Bill Clinton","January 27, 2000","Press Briefing by Chief of Staff John Podesta, Deputy Chief of Staff Maria Echaveste, National Economic Advisor Gene Sperling, National Domestic Policy Advisor Bruce Reed, and National Security Advisor Sandy Berger on the President's State of the Union Address","https://www.presidency.ucsb.edu/documents/press-briefing-chief-staff-john-podesta-deputy-chief-staff-maria-echaveste-national","USA","Chechnya"
"Bill Clinton","January 27, 2000","Address Before a Joint Session of the Congress on the State of the Union","https://www.presidency.ucsb.edu/documents/address-before-joint-session-the-congress-the-state-the-union-7","USA","Chechnya"
"Bill Clinton","January 29, 2000","Remarks to the World Economic Forum and a Question-and-Answer Session in Davos, Switzerland","https://www.presidency.ucsb.edu/documents/remarks-the-world-economic-forum-and-question-and-answer-session-davos-switzerland","USA","Chechnya"
"Bill Clinton","February 14, 2000","Interview With Wolf Blitzer on CNN.com","https://www.presidency.ucsb.edu/documents/interview-with-wolf-blitzer-cnncom","USA","Chechnya"
"Bill Clinton","February 17, 2000","Press Briefing by Jake Siewert and David Leavy","https://www.presidency.ucsb.edu/documents/press-briefing-jake-siewert-and-david-leavy","USA","Chechnya"
"Bill Clinton","February 25, 2000","Remarks on Funding for Native American Programs and an Exchange With Reporters","https://www.presidency.ucsb.edu/documents/remarks-funding-for-native-american-programs-and-exchange-with-reporters","USA","Chechnya"
"Bill Clinton","February 25, 2000","Press Briefing by Joe Lockhart","https://www.presidency.ucsb.edu/documents/press-briefing-joe-lockhart-15","USA","Chechnya"
"Bill Clinton","February 29, 2000","Remarks at a Democratic National Committee Luncheon in West Palm Beach, Florida","https://www.presidency.ucsb.edu/documents/remarks-democratic-national-committee-luncheon-west-palm-beach-florida","USA","Chechnya"
"Bill Clinton","March 10, 2000","Press Briefing by Joe Lockhart","https://www.presidency.ucsb.edu/documents/press-briefing-joe-lockhart-9","USA","Chechnya"
"Bill Clinton","March 27, 2000","Statement on the Election of Vladimir Putin as President of Russia","https://www.presidency.ucsb.edu/documents/statement-the-election-vladimir-putin-president-russia","USA","Chechnya"
"Bill Clinton","May 03, 2000","Statement on World Press Freedom Day","https://www.presidency.ucsb.edu/documents/statement-world-press-freedom-day-0","USA","Chechnya"
"Bill Clinton","May 25, 2000","Press Briefing by National Security Advisor Samuel Berger and National Economic Advisor Gene Sperling","https://www.presidency.ucsb.edu/documents/press-briefing-national-security-advisor-samuel-berger-and-national-economic-advisor-gene","USA","Chechnya"
"Bill Clinton","May 31, 2000","The President's News Conference With European Union Leaders in Lisbon","https://www.presidency.ucsb.edu/documents/the-presidents-news-conference-with-european-union-leaders-lisbon","USA","Chechnya"
"Bill Clinton","June 01, 2000","Press Briefing by National Security Advisor Sandy Berger","https://www.presidency.ucsb.edu/documents/press-briefing-national-security-advisor-sandy-berger-3","USA","Chechnya"
"Bill Clinton","June 02, 2000","Remarks on Receiving the International Charlemagne Prize in Aachen, Germany","https://www.presidency.ucsb.edu/documents/remarks-receiving-the-international-charlemagne-prize-aachen-germany","USA","Chechnya"
"Bill Clinton","June 04, 2000","Interview With Aleksei Venediktov of Ekho Moskvy Radio in Moscow","https://www.presidency.ucsb.edu/documents/interview-with-aleksei-venediktov-ekho-moskvy-radio-moscow","USA","Chechnya"
"Bill Clinton","June 04, 2000","Press Briefing by Deputy Secretary of State Strobe Talbott","https://www.presidency.ucsb.edu/documents/press-briefing-deputy-secretary-state-strobe-talbott","USA","Chechnya"
"Bill Clinton","June 04, 2000","The President's News Conference With President Vladimir Putin of Russia in Moscow","https://www.presidency.ucsb.edu/documents/the-presidents-news-conference-with-president-vladimir-putin-russia-moscow","USA","Chechnya"
"Bill Clinton","June 05, 2000","Remarks to the Russian State Duma in Moscow","https://www.presidency.ucsb.edu/documents/remarks-the-russian-state-duma-moscow","USA","Chechnya"
"Bill Clinton","June 26, 2000","Statement of Administration Policy: S. 2522 - Foreign Operations, Export Financing, and Related Programs Appropriations Bill, FY 2001","https://www.presidency.ucsb.edu/documents/statement-administration-policy-s-2522-foreign-operations-export-financing-and-related","USA","Chechnya"
"Bill Clinton","July 11, 2000","Statement of Administration Policy: H.R. 4811 - Foreign Operations, Export Financing, and Related Programs Appropriations Bill, FY 2001","https://www.presidency.ucsb.edu/documents/statement-administration-policy-hr-4811-foreign-operations-export-financing-and-related","USA","Chechnya"
"Bill Clinton","July 12, 2000","Statement of Administration Policy: H.R. 4811 - Foreign Operations, Export Financing, and Related Programs Appropriations Bill, FY 2001","https://www.presidency.ucsb.edu/documents/statement-administration-policy-hr-4811-foreign-operations-export-financing-and-related-0","USA","Chechnya"
"Bill Clinton","July 17, 2000","Press Briefing by Lael Brainard, Deputy National Economic Advisor and Jim Steinberg, Deputy National Security Advisor","https://www.presidency.ucsb.edu/documents/press-briefing-lael-brainard-deputy-national-economic-advisor-and-jim-steinberg-deputy","USA","Chechnya"
"Bill Clinton","December 06, 2000","Remarks on Presenting the Eleanor Roosevelt Award for Human Rights and the Presidential Medal of Freedom","https://www.presidency.ucsb.edu/documents/remarks-presenting-the-eleanor-roosevelt-award-for-human-rights-and-the-presidential-medal","USA","Chechnya"
"Bill Clinton","December 08, 2000","Remarks at the University of Nebraska at Kearney, Nebraska","https://www.presidency.ucsb.edu/documents/remarks-the-university-nebraska-kearney-nebraska","USA","Chechnya"
"George W. Bush","June 06, 2001","Press Briefing by National Security Advisor Condoleezza Rice on President's Travel to Europe","https://www.presidency.ucsb.edu/documents/press-briefing-national-security-advisor-condoleezza-rice-presidents-travel-europe","USA","Chechnya"
"George W. Bush","June 14, 2001","Göteborg Statement: Summit of the United States of America and the European Union","https://www.presidency.ucsb.edu/documents/goteborg-statement-summit-the-united-states-america-and-the-european-union","USA","Chechnya"
"George W. Bush","June 16, 2001","Press Briefing by Secretary of State Colin Powell and National Security Advisor Condoleezza Rice","https://www.presidency.ucsb.edu/documents/press-briefing-secretary-state-colin-powell-and-national-security-advisor-condoleezza-rice","USA","Chechnya"
"George W. Bush","June 16, 2001","The President's News Conference With President Vladimir Putin of Russia in Kranj","https://www.presidency.ucsb.edu/documents/the-presidents-news-conference-with-president-vladimir-putin-russia-kranj","USA","Chechnya"
"George W. Bush","July 22, 2001","Press Briefing by Dr. Rice Discussing the Bilateral Meeting of President Bush and Russian President Putin in Genoa, Italy","https://www.presidency.ucsb.edu/documents/press-briefing-dr-rice-discussing-the-bilateral-meeting-president-bush-and-russian","USA","Chechnya"
"George W. Bush","September 25, 2001","Press Briefing by Ari Fleischer","https://www.presidency.ucsb.edu/documents/press-briefing-ari-fleischer-58","USA","Chechnya"
"George W. Bush","September 26, 2001","Press Briefing by Ari Fleischer","https://www.presidency.ucsb.edu/documents/press-briefing-ari-fleischer-57","USA","Chechnya"
"George W. Bush","September 26, 2001","Remarks Prior to Discussions With Muslim Community Leaders and an Exchange With Reporters","https://www.presidency.ucsb.edu/documents/remarks-prior-discussions-with-muslim-community-leaders-and-exchange-with-reporters","USA","Chechnya"
"George W. Bush","October 09, 2001","Remarks Following Discussions With Chancellor Gerhard Schroeder of Germany and an Exchange With Reporters","https://www.presidency.ucsb.edu/documents/remarks-following-discussions-with-chancellor-gerhard-schroeder-germany-and-exchange-2","USA","Chechnya"
"George W. Bush","October 15, 2001","Press Briefing by National Security Advisor Condoleezza Rice, on the APEC Meeting","https://www.presidency.ucsb.edu/documents/press-briefing-national-security-advisor-condoleezza-rice-the-apec-meeting","USA","Chechnya"
"George W. Bush","November 13, 2001","The President's News Conference With President Vladimir Putin of Russia","https://www.presidency.ucsb.edu/documents/the-presidents-news-conference-with-president-vladimir-putin-russia-0","USA","Chechnya"
"George W. Bush","February 01, 2002","Remarks by the National Security Advisor Condoleezza Rice to the Conservative Political Action Conference","https://www.presidency.ucsb.edu/documents/remarks-the-national-security-advisor-condoleezza-rice-the-conservative-political-action","USA","Chechnya"
"George W. Bush","February 28, 2002","Press Briefing by Ari Fleischer","https://www.presidency.ucsb.edu/documents/press-briefing-ari-fleischer-197","USA","Chechnya"
"George W. Bush","May 07, 2002","Press Briefing by Ari Fleischer","https://www.presidency.ucsb.edu/documents/press-briefing-ari-fleischer-246","USA","Chechnya"
"George W. Bush","May 24, 2002","Remarks to Community and Religious Leaders in Moscow","https://www.presidency.ucsb.edu/documents/remarks-community-and-religious-leaders-moscow","USA","Chechnya"
"George W. Bush","May 24, 2002","The President's News Conference With President Vladimir V. Putin of Russia in Moscow","https://www.presidency.ucsb.edu/documents/the-presidents-news-conference-with-president-vladimir-v-putin-russia-moscow","USA","Chechnya"
"George W. Bush","May 28, 2002","Press Briefing by Secretary of State Colin Powell","https://www.presidency.ucsb.edu/documents/press-briefing-secretary-state-colin-powell-0","USA","Chechnya"
"George W. Bush","July 12, 2002","Interview With Polish Journalists","https://www.presidency.ucsb.edu/documents/interview-with-polish-journalists-0","USA","Chechnya"
"George W. Bush","August 24, 2002","Statement by the Press Secretary","https://www.presidency.ucsb.edu/documents/statement-the-press-secretary-257","USA","Chechnya"
"George W. Bush","October 29, 2002","Press Briefing by Ari Fleischer","https://www.presidency.ucsb.edu/documents/press-briefing-ari-fleischer-145","USA","Chechnya"
"George W. Bush","November 13, 2002","Press Briefing by Scott McClellan","https://www.presidency.ucsb.edu/documents/press-briefing-scott-mcclellan-2","USA","Chechnya"
"George W. Bush","November 15, 2002","Press Briefing by Dr. Rice on the President's Trip to the NATO Summit","https://www.presidency.ucsb.edu/documents/press-briefing-dr-rice-the-presidents-trip-the-nato-summit","USA","Chechnya"
"George W. Bush","November 18, 2002","Interview With Radio Free Europe/Radio Liberty","https://www.presidency.ucsb.edu/documents/interview-with-radio-free-europeradio-liberty","USA","Chechnya"
"George W. Bush","November 18, 2002","Interview With LNK TV of Lithuania","https://www.presidency.ucsb.edu/documents/interview-with-lnk-tv-lithuania","USA","Chechnya"
"George W. Bush","November 18, 2002","Interview With European Journalists","https://www.presidency.ucsb.edu/documents/interview-with-european-journalists","USA","Chechnya"
"Madeleine Albright","20010203","12/10/99 Albright interview on CBS's ""The Early Show""","https://web.archive.org/web/20010203173100/https://1997-2001.state.gov/statements/1999/991210b.html","USA","Chechnya"
"Madeleine Albright","20010203","12/17/99 Albright press remarks following G-8 Foreign Ministers Meeting","https://web.archive.org/web/20010203173300/https://1997-2001.state.gov/statements/1999/991217b.html","USA","Chechnya"
"Madeleine Albright","20010121","2/8/00 Albright interview on CNN","https://web.archive.org/web/20010121100800/https://1997-2001.state.gov/statements/2000/000208b.html","USA","Chechnya"
"Madeleine Albright","20010407","2/2/00 Albright remarks following meeting with Min. Putin","https://web.archive.org/web/20010407153633/https://1997-2001.state.gov/statements/2000/000202a.html","USA","Chechnya"
"Madeleine Albright","20010407","3/26/00 Albright on CNN's ""Late Edition""","https://web.archive.org/web/20010407153856/https://1997-2001.state.gov/statements/2000/000326a.html","USA","Chechnya"
"Madeleine Albright","20010407","11/22/99 Albright interview on STV, Bratislava, Slovakia","https://web.archive.org/web/20010407153444/https://1997-2001.state.gov/statements/1999/991122d.html","USA","Chechnya"
"Madeleine Albright","20010407","10/26/99 Albright and Minister Van Aartsen remarks","https://web.archive.org/web/20010407153533/https://1997-2001.state.gov/statements/1999/991026.html","USA","Chechnya"
"Madeleine Albright","20010407","1/2/2000: Albright on NBC's ""Meet The Press""","https://web.archive.org/web/20010407153234/https://1997-2001.state.gov/statements/2000/000102.html","USA","Chechnya"
"Madeleine Albright","20010407","12/12/99 Albright interview on Face the Nation","https://web.archive.org/web/20010407153216/https://1997-2001.state.gov/statements/1999/991212.html","USA","Chechnya"
"Colin Powell","20030501","Interview With Russian Television NTV","https://web.archive.org/web/20030501010101/https://2001-2009.state.gov/secretary/former/powell/remarks/2003/20665.htm","USA","Chechnya"
"Colin Powell","20030601","Interview with Barry Schweid and George Gedda of Associated Press","https://web.archive.org/web/20030601104120/https://2001-2009.state.gov/secretary/former/powell/remarks/36076.htm","USA","Chechnya"
"Colin Powell","20020126","Interview on TV6","https://web.archive.org/web/20020126092813/https://2001-2009.state.gov/secretary/former/powell/remarks/2001/dec/6750.htm","USA","Chechnya"
"Colin Powell","20030501","Press Conference with Russian Foreign Minister Igor Ivanov","https://web.archive.org/web/20030501010305/https://2001-2009.state.gov/secretary/former/powell/remarks/2003/20571.htm","USA","Chechnya"
"Colin Powell","20030709","Remarks to the United Nations Security Council","https://web.archive.org/web/20030709102408/https://2001-2009.state.gov/secretary/former/powell/remarks/2003/17300.htm","USA","Chechnya"
"Colin Powell","20030821","Interview With Vladimir Varfalomeyev at Ekho Moskvy Radio","https://web.archive.org/web/20030821054856/https://2001-2009.state.gov/secretary/former/powell/remarks/28522.htm","USA","Chechnya"
"Colin Powell","20030620","U.S. Policy on Chechnya","https://web.archive.org/web/20030620041742/https://2001-2009.state.gov/p/eur/rls/rm/2002/10034.htm","USA","Chechnya"
"Colin Powell","20020926","Press Briefing Aboard Aircraft En Route To Shanghai","https://web.archive.org/web/20020926023852/https://2001-2009.state.gov/secretary/former/powell/remarks/2001/5427.htm","USA","Chechnya"
"Colin Powell","20030709","A Strategy of Partnerships","https://web.archive.org/web/20030709101427/https://2001-2009.state.gov/secretary/former/powell/remarks/28163.htm","USA","Chechnya"
"Colin Powell","20031203","Terrorist Designation Under Executive Order 13224","https://web.archive.org/web/20031203005312/https://2001-2009.state.gov/r/pa/prs/ps/2003/18067.htm","USA","Chechnya"
"Colin Powell","20030709","Partnership, Under Construction","https://web.archive.org/web/20030709101847/https://2001-2009.state.gov/secretary/former/powell/remarks/28495.htm","USA","Chechnya"
"Colin Powell","20030709","Secretary of State Colin L. Powell And The Honorable Alphonso Jackson, Secretary of Housing and Urban Development and Head of U.S. Delegation to OSCE Conference on Racism, Xenophobia and Discrimination After Their Meeting","https://web.archive.org/web/20030709093723/https://2001-2009.state.gov/secretary/former/powell/remarks/35982.htm","USA","Chechnya"
"Colin Powell","20020822","Remarks with Russian Foreign Minister Igor Ivanov (1350 hrs)","https://web.archive.org/web/20020822105245/https://2001-2009.state.gov/secretary/former/powell/remarks/2001/4962.htm","USA","Chechnya"
"Colin Powell","20030821","Remarks at The Elliott School of International Affairs","https://web.archive.org/web/20030821055119/https://2001-2009.state.gov/secretary/former/powell/remarks/2003/23836.htm","USA","Chechnya"
"Putin","2000-03-20","Владимир Путин принял участие в церемонии вывода из Чечни парашютно-десантного полка","https://web.archive.org/web/20000321000000/https://kremlin.ru/events/president/news/38776","Russia","Chechnya"
"Putin","2000-03-20","Владимир Путин прибыл в Грозный","https://web.archive.org/web/20000321010000/https://kremlin.ru/events/president/news/38841","Russia","Chechnya"
"Putin","2001-10-08","Вступительное слово на совещании с членами Правительства","https://web.archive.org/web/20000401000000/https://kremlin.ru/events/president/transcripts/21355","Russia","Chechnya"
"Putin","2000-07-05","Владимир Путин провел комплексное совещание по вопросам правоохранительного, политического и экономического урегулирования в Чеченской Республике","https://web.archive.org/web/20000706000000/https://kremlin.ru/events/president/news/38339","Russia","Chechnya"
"Putin","2001-12-17","Владимир Путин вручил награды членам чеченской семьи Ташухаджиевых за героизм, проявленный в схватке с преступниками","https://web.archive.org/web/20020401000000/https://kremlin.ru/events/president/news/41988","Russia","Chechnya"
"Putin","2000-01-15","Интервью телеканалу ОРТ","https://web.archive.org/web/20000105000000/https://kremlin.ru/events/president/transcripts/24123","Russia","Chechnya"
"Putin","2000-04-13","Заявление в связи с нарушением прав человека в ходе контртеррористической операции в Северо-Кавказском регионе Российской Федерации","https://web.archive.org/web/20010515090000/https://kremlin.ru/events/president/transcripts/24066","Russia","Chechnya"
"Putin","2001-06-19","Владимиру Путину доложено о терактах, произошедших в Чечне","https://web.archive.org/web/20010124120000/https://kremlin.ru/events/president/news/41694","Russia","Chechnya"
"Putin","2002-11-10","Вступительное слово на встрече с представителями чеченской общественности","https://web.archive.org/web/20021110120000/https://kremlin.ru/events/president/transcripts/21770","Russia","Chechnya"
"Putin","2000-04-08","Состоялся телефонный разговор исполняющего обязанности Президента России Владимира Путина с Президентом Франции Жаком Шираком","https://web.archive.org/web/20250622221346/http://www.kremlin.ru/events/president/news/37497","Russia","Chechnya"
"Putin","2000-04-17","Пресс-конференция по итогам российско-британских переговоров","https://web.archive.org/web/20250617213751/http://www.kremlin.ru/events/president/transcripts/21379","Russia","Chechnya"
"Putin","2000-07-05","Ответы на вопросы журналистов по окончании комплексного совещания по вопросам правоохранительного, политического и экономического урегулирования в Чеченской Республике","https://web.archive.org/web/20250615035409/http://www.kremlin.ru/events/president/transcripts/24167","Russia","Chechnya"
"Putin","2000-07-05","Вступительное слово на комплексном совещании по вопросам правоохранительного, политического и экономического урегулирования в Чеченской Республике","https://web.archive.org/web/20250419193221/http://www.kremlin.ru/events/president/transcripts/21484","Russia","Chechnya"
"Putin","2000-10-23","Интервью французским телеканалам «ТФ-1» и «Франс-3»","https://web.archive.org/web/20250424044544/http://www.kremlin.ru/events/president/transcripts/21643","Russia","Chechnya"
"Putin","2000-10-26","Интервью французской газете «Фигаро»","https://web.archive.org/web/20250324133545/http://www.kremlin.ru/events/president/transcripts/21634","Russia","Chechnya"
"Putin","2000-10-30","Владимир Путин принял участие в заседании саммита Россия–ЕС","https://web.archive.org/web/20250315121848/http://www.kremlin.ru/events/president/news/39422","Russia","Chechnya"
"Putin","2000-12-14","Интервью канадским телекомпаниям «Си-би-си», «Си-ти-ви», газете «Глоб энд мейл» и телекомпании РТР","https://web.archive.org/web/20250320093917/http://www.kremlin.ru/events/president/transcripts/21139","Russia","Chechnya"
"Putin","2000-12-25","Интервью телеканалам ОРТ, РТР и «Независимой газете»","https://web.archive.org/web/20250428013437/http://www.kremlin.ru/events/president/transcripts/21149","Russia","Chechnya"
"Putin","2001-01-22","Вступительное слово на совещании с членами Правительства (о новом этапе контртеррористической операции на Северном Кавказе)","https://web.archive.org/web/20250207005501/http://www.kremlin.ru/events/president/transcripts/24352","Russia","Chechnya"
"Putin","2001-03-06","Стенограмма интернет-конференции Президента России","https://web.archive.org/web/20250524041130/http://www.kremlin.ru/events/president/transcripts/21201","Russia","Chechnya"
"Putin","2001-03-16","Вступительное слово на совещании с участием представителей ведомств, задействованных в разрешении кризисной ситуации вокруг угона террористами российского самолета «Ту-154»","https://web.archive.org/web/20250522140229/http://www.kremlin.ru/events/president/transcripts/24427","Russia","Chechnya"
"Putin","2001-04-14","Беседа с журналистами по завершении рабочей поездки в Чеченскую Республику","https://web.archive.org/web/20250318115116/http://www.kremlin.ru/events/president/transcripts/24394","Russia","Chechnya"
"Putin","2001-05-17","Заявление для прессы и ответы на вопросы на пресс-конференции по окончании встречи на высшем уровне Россия – Европейский союз","https://web.archive.org/web/20250422221831/http://www.kremlin.ru/events/president/transcripts/21238","Russia","Chechnya"
"Putin","2001-06-18","Беседа с руководителями представительств ведущих американских СМИ","https://web.archive.org/web/20250624080550/http://www.kremlin.ru/events/president/transcripts/21269","Russia","Chechnya"
"Putin","2001-09-18","Интервью немецкой газете «Бильд»","https://web.archive.org/web/20250113161445/http://www.kremlin.ru/events/president/transcripts/21334","Russia","Chechnya"
"Putin","2001-09-19","Интервью немецкой телекомпании АРД","https://web.archive.org/web/20250216165527/http://www.kremlin.ru/events/president/transcripts/21335","Russia","Chechnya"
"Putin","2002-02-27","Вступительное слово на заседании Совета Безопасности по вопросам урегулирования ситуации в Чеченской Республике","https://web.archive.org/web/20250513203019/http://www.kremlin.ru/events/president/transcripts/21515","Russia","Chechnya"
"Putin","2002-04-07","Стенограмма встречи с представителями германских и российских СМИ","https://web.archive.org/web/20250623172139/http://www.kremlin.ru/events/president/transcripts/21552","Russia","Chechnya"
"Putin","2002-04-09","Ответы на вопросы Альфреда Биолека во время совместного с Федеральным канцлером ФРГ Герхардом Шредером интервью в эфире программы «Бульвар Био» телеканала АРД","https://web.archive.org/web/20250617211725/http://www.kremlin.ru/events/president/transcripts/24576","Russia","Chechnya"
"Putin","2002-04-17","Вступительное слово на встрече с представителями чеченской диаспоры","https://web.archive.org/web/20250602061358/http://www.kremlin.ru/events/president/transcripts/21565","Russia","Chechnya"
"Putin","2002-04-30","Вступительное слово на заседании Совета Безопасности","https://web.archive.org/web/20250619055738/http://www.kremlin.ru/events/president/transcripts/21583","Russia","Chechnya"
"Putin","2002-07-19","Совместная пресс-конференция с Президентом Франции Жаком Шираком","https://web.archive.org/web/20250516043404/http://www.kremlin.ru/events/president/transcripts/21676","Russia","Chechnya"
"Putin","2002-09-17","Интервью средствам массовой информации Краснодарского края","https://web.archive.org/web/20250612195817/http://www.kremlin.ru/events/president/transcripts/21722","Russia","Chechnya"
"Putin","2002-11-10","Вступительное слово на встрече с представителями чеченской общественности","https://web.archive.org/web/20250524072606/http://www.kremlin.ru/events/president/transcripts/21770","Russia","Chechnya"
"Putin","2002-11-10","Вступительное слово на совещании с членами Правительства","https://web.archive.org/web/20250523201555/http://www.kremlin.ru/events/president/transcripts/21769","Russia","Chechnya"
"Putin","2002-11-11","Выдержки из стенографического отчета о пресс-конференции по итогам встречи на высшем уровне Россия – Европейский союз","https://web.archive.org/web/20250522112055/http://www.kremlin.ru/events/president/transcripts/21773","Russia","Chechnya"
"Putin","2002-11-11","Совместная пресс-конференция с Генеральным секретарем НАТО Джорджем Робертсоном","https://web.archive.org/web/20250617194922/http://www.kremlin.ru/events/president/transcripts/21774","Russia","Chechnya"
"Putin","2002-11-12","Выдержки из стенографического отчета о совместной пресс-конференции с Федеральным канцлером ФРГ Герхардом Шрёдером","https://web.archive.org/web/20250615114551/http://www.kremlin.ru/events/president/transcripts/21775","Russia","Chechnya"
"Putin","2002-11-27","Интервью китайскому информационному агентству Синьхуа и Центральному телевидению КНР «Си-Си-Ти-Ви»","https://web.archive.org/web/20250521183903/http://www.kremlin.ru/events/president/transcripts/21793","Russia","Chechnya"
"Putin","2002-12-19","Стенограмма прямого теле- и радиоэфира («Прямая линия с Президентом России»)","https://web.archive.org/web/20250618123216/http://www.kremlin.ru/events/president/transcripts/21818","Russia","Chechnya"
"Igor Ivanov","02-12-2003","MINISTER OF FOREIGN AFFAIRS OF THE RUSSIAN FEDERATION IGOR IVANOV ANSWERS A QUESTION FROM ITAR-TASS NEWS AGENCY REGARDING THE CROSSING BY CHECHEN GUNMEN AND TERRORISTS OF THE RUSSIAN-GEORGIAN BORDER","https://mid.ru/en/foreign_policy/international_safety/1618725/","Russia","Chechnya"
"Igor Ivanov","23-01-2003","INTERVIEW WITH RUSSIAN FOREIGN MINISTER IGOR IVANOV GRANTED TO THE NEWSPAPER TRUD-7 PUBLISHED UNDER THE HEADLINE ""IGOR IVANOV: WE HAVE COME TO THINK IN A MORE PRAGMATIC FASHION"" ON JANUARY 23, 2003","https://mid.ru/en/foreign_policy/news/1611546/","Russia","Chechnya"
"Igor Ivanov","23-01-2004","TRANSCRIPT OF RUSSIAN FOREIGN MINISTER IGOR IVANOV'S REMARKS AND REPLIES TO MEDIA QUESTIONS AT PRESS CONFERENCE FOLLOWING TALKS WITH FRENCH MINISTER OF FOREIGN AFFAIRS DOMINIQUE DE VILLEPIN, MOSCOW, JANUARY 23, 2004","https://mid.ru/en/foreign_policy/news/1596482/","Russia","Chechnya"
"Igor Ivanov","27-02-2003","REPLIES BY RUSSIAN MINISTER OF FOREIGN AFFAIRS IGOR IVANOV TO READERS' QUESTIONS DURING AN ONLINE CONFERENCE ON THE RENMIN RIBAO WEBSITE, BEIJING, FEBRUARY 27, 2003","https://mid.ru/en/foreign_policy/international_safety/1618725/","Russia","Chechnya"
"Igor Ivanov","07-08-2002","MINISTER OF FOREIGN AFFAIRS OF THE RUSSIAN FEDERATION IGOR IVANOV ANSWERS A QUESTION FROM ITAR-TASS NEWS AGENCY REGARDING THE CROSSING BY CHECHEN GUNMEN AND TERRORISTS OF THE RUSSIAN-GEORGIAN BORDER","https://mid.ru/en/foreign_policy/international_safety/1618725/","Russia","Chechnya"
